Timestamp,Fuerza_N
15:43:39.943608,0.933
15:43:39.965155,0.933
15:43:39.984721,0.933
15:43:40.009918,0.933
15:43:40.024969,0.933
15:43:40.040000,0.933
15:43:40.055969,0.933
15:43:40.067480,0.933
15:43:40.087454,0.933
15:43:40.103477,0.933
15:43:40.119987,0.933
15:43:40.135813,0.069
15:43:40.151810,0.933
15:43:40.166826,0.933
15:43:40.177887,0.933
15:43:40.197892,0.933
15:43:40.216410,0.933
15:43:40.228979,0.933
15:43:40.244990,0.933
15:43:40.260548,0.933
15:43:40.275078,0.069
15:43:40.292068,0.069
15:43:40.306075,0.069
15:43:40.321631,0.069
15:43:40.336292,0.069
15:43:40.353293,0.069
15:43:40.368851,0.069
15:43:40.384360,0.069
15:43:40.401361,0.069
15:43:40.415923,0.933
15:43:40.432097,0.933
15:43:40.448148,0.933
15:43:40.462607,0.933
15:43:40.477787,0.933
15:43:40.490786,0.933
15:43:40.508149,0.933
15:43:40.525064,0.933
15:43:40.538062,0.933
15:43:40.554087,0.933
15:43:40.569802,0.069
15:43:40.585111,0.933
15:43:40.602105,0.069
15:43:40.616654,0.933
15:43:40.631711,0.933
15:43:40.647721,0.933
15:43:40.664266,0.933
15:43:40.679837,0.933
15:43:40.694856,0.069
15:43:40.710337,0.933
15:43:40.725545,0.933
15:43:40.740539,0.933
15:43:40.756541,0.069
15:43:40.772925,0.933
15:43:40.789465,0.933
15:43:40.803468,0.069
15:43:40.819355,0.069
15:43:40.836365,0.933
15:43:40.852378,0.069
15:43:40.867474,0.933
15:43:40.884023,0.933
15:43:40.899080,0.933
15:43:40.914948,0.933
15:43:40.930332,0.933
15:43:40.945347,0.069
15:43:40.961309,0.933
15:43:40.977385,0.933
15:43:40.992939,0.933
15:43:41.007440,0.933
15:43:41.024315,0.933
15:43:41.038700,0.933
15:43:41.053707,0.069
15:43:41.069649,0.069
15:43:41.084755,0.933
15:43:41.099757,0.933
15:43:41.118325,0.933
15:43:41.132130,0.933
15:43:41.148158,0.933
15:43:41.163599,0.933
15:43:41.178142,0.933
15:43:41.193166,0.933
15:43:41.209055,0.933
15:43:41.225622,0.933
15:43:41.241657,0.933
15:43:41.255660,0.933
15:43:41.271580,0.933
15:43:41.288086,0.933
15:43:41.304109,0.933
15:43:41.319636,0.933
15:43:41.337231,0.933
15:43:41.350098,0.933
15:43:41.365432,0.933
15:43:41.381243,0.069
15:43:41.396287,0.069
15:43:41.412397,0.933
15:43:41.428223,0.933
15:43:41.442429,0.933
15:43:41.458773,0.933
15:43:41.472323,0.933
15:43:41.489341,0.069
15:43:41.505348,0.933
15:43:41.520824,0.933
15:43:41.534898,0.933
15:43:41.551935,0.933
15:43:41.565935,0.069
15:43:41.583954,0.933
15:43:41.595956,0.933
15:43:41.612277,1.798
15:43:41.627193,1.798
15:43:41.640206,0.933
15:43:41.653219,0.933
15:43:41.673896,0.933
15:43:41.689873,0.933
15:43:41.709890,0.933
15:43:41.749063,0.933
15:43:41.803658,0.933
15:43:41.825034,0.933
15:43:41.887923,0.933
15:43:41.925008,0.933
15:43:41.941607,0.933
15:43:41.955091,0.933
15:43:41.971708,0.933
15:43:41.988016,0.933
15:43:42.004072,0.933
15:43:42.017655,0.933
15:43:42.029601,0.933
15:43:42.048631,0.933
15:43:42.064271,0.933
15:43:42.076816,0.933
15:43:42.092825,0.933
15:43:42.111348,0.933
15:43:42.125869,0.933
15:43:42.142365,0.933
15:43:42.156147,0.933
15:43:42.172562,0.933
15:43:42.188209,0.933
15:43:42.199215,0.933
15:43:42.212799,0.933
15:43:42.235616,0.933
15:43:42.252633,0.933
15:43:42.267310,0.069
15:43:42.282329,0.933
15:43:42.298347,0.933
15:43:42.314906,0.933
15:43:42.326781,0.933
15:43:42.338795,0.933
15:43:42.360869,0.933
15:43:42.378454,0.933
15:43:42.392454,0.933
15:43:42.408990,0.933
15:43:42.424498,0.933
15:43:42.439899,0.069
15:43:42.457441,0.933
15:43:42.471398,0.933
15:43:42.483675,0.933
15:43:42.499699,0.069
15:43:42.512237,0.933
15:43:42.525784,0.933
15:43:42.546372,0.933
15:43:42.560900,0.933
15:43:42.576101,0.933
15:43:42.593153,0.933
15:43:42.608663,0.933
15:43:42.623199,0.933
15:43:42.638724,0.933
15:43:42.651735,0.933
15:43:42.670276,0.933
15:43:42.685363,0.069
15:43:42.700387,0.933
15:43:42.716869,0.933
15:43:42.732486,0.933
15:43:42.748518,0.933
15:43:42.763561,0.933
15:43:42.778564,0.933
15:43:42.795578,0.933
15:43:42.810127,0.069
15:43:42.825637,0.933
15:43:42.837170,0.069
15:43:42.857162,0.933
15:43:42.872319,0.933
15:43:42.887560,0.933
15:43:42.901562,0.933
15:43:42.920654,0.933
15:43:42.934915,0.933
15:43:42.950928,0.933
15:43:42.961491,0.933
15:43:42.982811,0.933
15:43:42.996813,0.933
15:43:43.013365,0.069
15:43:43.026855,0.933
15:43:43.043390,0.933
15:43:43.056412,0.933
15:43:43.074593,0.933
15:43:43.094609,0.933
15:43:43.106603,0.933
15:43:43.117698,0.069
15:43:43.137381,0.069
15:43:43.151388,0.933
15:43:43.168706,0.933
15:43:43.185291,0.069
15:43:43.200300,0.933
15:43:43.215945,0.069
15:43:43.231979,0.933
15:43:43.248988,1.798
15:43:43.261553,0.933
15:43:43.273126,0.069
15:43:43.292734,0.933
15:43:43.307804,0.933
15:43:43.324640,0.933
15:43:43.338799,0.069
15:43:43.355626,0.933
15:43:43.373239,0.933
15:43:43.386916,0.933
15:43:43.400438,0.933
15:43:43.421302,0.933
15:43:43.434339,0.933
15:43:43.446894,0.933
15:43:43.465009,0.933
15:43:43.483731,0.933
15:43:43.496240,0.069
15:43:43.512443,0.933
15:43:43.525131,0.933
15:43:43.545188,0.069
15:43:43.560833,0.933
15:43:43.576948,0.933
15:43:43.592323,0.933
15:43:43.608153,0.933
15:43:43.623376,0.933
15:43:43.635375,0.933
15:43:43.650384,0.933
15:43:43.670961,0.933
15:43:43.685859,0.933
15:43:43.702124,0.933
15:43:43.714674,0.933
15:43:43.733032,0.933
15:43:43.747071,1.798
15:43:43.764127,1.798
15:43:43.775146,1.798
15:43:43.795074,2.662
15:43:43.810442,3.526
15:43:43.825144,3.526
15:43:43.842113,6.119
15:43:43.855111,6.119
15:43:43.872957,8.712
15:43:43.888051,9.576
15:43:43.902167,11.305
15:43:43.914287,12.169
15:43:43.934489,14.762
15:43:43.948527,15.626
15:43:43.963063,18.219
15:43:43.979596,20.812
15:43:43.995151,22.541
15:43:44.010765,24.269
15:43:44.025288,25.998
15:43:44.042273,28.591
15:43:44.059380,31.183
15:43:44.075199,32.048
15:43:44.089245,32.912
15:43:44.106509,35.505
15:43:44.121008,38.098
15:43:44.136036,38.962
15:43:44.152562,41.555
15:43:44.167086,42.419
15:43:44.184599,45.012
15:43:44.198322,45.876
15:43:44.213845,47.605
15:43:44.328346,51.926
15:43:44.363207,55.383
15:43:44.403149,57.112
15:43:44.414394,57.976
15:43:44.430198,57.976
15:43:44.447873,58.84
15:43:44.460989,59.705
15:43:44.476533,59.705
15:43:44.493081,60.569
15:43:44.507701,60.569
15:43:44.523966,60.569
15:43:44.539979,61.433
15:43:44.554988,61.433
15:43:44.569516,61.433
15:43:44.586065,62.298
15:43:44.602519,62.298
15:43:44.617059,62.298
15:43:44.628535,62.298
15:43:44.647532,63.162
15:43:44.663584,62.298
15:43:44.678163,62.298
15:43:44.694584,62.298
15:43:44.711119,61.433
15:43:44.721649,61.433
15:43:44.741533,61.433
15:43:44.757537,61.433
15:43:44.771787,60.569
15:43:44.788311,60.569
15:43:44.802625,61.433
15:43:44.818105,61.433
15:43:44.833669,61.433
15:43:44.850059,60.569
15:43:44.866113,60.569
15:43:44.882176,60.569
15:43:44.897674,61.433
15:43:44.914238,60.569
15:43:44.928750,61.433
15:43:44.944739,61.433
15:43:44.960246,60.569
15:43:44.973724,61.433
15:43:44.990756,61.433
15:43:45.005750,61.433
15:43:45.024046,61.433
15:43:45.034788,61.433
15:43:45.051814,61.433
15:43:45.066312,62.298
15:43:45.082828,61.433
15:43:45.098360,62.298
15:43:45.113336,61.433
15:43:45.128349,62.298
15:43:45.143593,63.162
15:43:45.159117,62.298
15:43:45.178666,63.162
15:43:45.190690,63.162
15:43:45.208327,63.162
15:43:45.224873,63.162
15:43:45.238851,63.162
15:43:45.255853,62.298
15:43:45.270858,63.162
15:43:45.287924,63.162
15:43:45.303034,64.026
15:43:45.316597,64.026
15:43:45.333520,64.026
15:43:45.348464,63.162
15:43:45.363599,63.162
15:43:45.379773,63.162
15:43:45.397030,63.162
15:43:45.413238,63.162
15:43:45.435771,62.298
15:43:45.449538,62.298
15:43:45.466067,62.298
15:43:45.487113,61.433
15:43:45.526196,60.569
15:43:45.547867,60.569
15:43:45.564767,60.569
15:43:45.578850,60.569
15:43:45.594376,60.569
15:43:45.610945,60.569
15:43:45.625268,60.569
15:43:45.642329,59.705
15:43:45.656224,60.569
15:43:45.672785,59.705
15:43:45.688321,59.705
15:43:45.702524,60.569
15:43:45.718656,60.569
15:43:45.733211,60.569
15:43:45.748722,60.569
15:43:45.759991,60.569
15:43:45.773288,61.433
15:43:45.796390,61.433
15:43:45.811277,61.433
15:43:45.826450,61.433
15:43:45.840917,61.433
15:43:45.856306,61.433
15:43:45.872812,60.569
15:43:45.887343,60.569
15:43:45.903899,59.705
15:43:45.919463,59.705
15:43:45.933977,58.84
15:43:45.945900,58.84
15:43:45.962424,58.84
15:43:45.980413,58.84
15:43:45.995539,58.84
15:43:46.012375,57.976
15:43:46.026882,57.976
15:43:46.044905,57.976
15:43:46.059418,57.976
15:43:46.074921,57.976
15:43:46.089962,57.976
15:43:46.106485,57.976
15:43:46.120982,57.976
15:43:46.135585,57.976
15:43:46.152579,58.84
15:43:46.167858,57.976
15:43:46.182386,58.84
15:43:46.197895,58.84
15:43:46.213979,58.84
15:43:46.233548,58.84
15:43:46.246558,58.84
15:43:46.258095,58.84
15:43:46.277105,58.84
15:43:46.294633,58.84
15:43:46.308484,58.84
15:43:46.323673,58.84
15:43:46.339693,58.84
15:43:46.353645,57.976
15:43:46.370842,58.84
15:43:46.384901,57.976
15:43:46.401204,57.976
15:43:46.416097,57.976
15:43:46.432178,57.976
15:43:46.447189,57.976
15:43:46.463312,58.84
15:43:46.477748,58.84
15:43:46.496059,58.84
15:43:46.509176,58.84
15:43:46.524260,58.84
15:43:46.540335,58.84
15:43:46.555516,58.84
15:43:46.571026,59.705
15:43:46.585577,59.705
15:43:46.602134,58.84
15:43:46.617211,58.84
15:43:46.633317,59.705
15:43:46.648327,59.705
15:43:46.663633,58.84
15:43:46.678354,58.84
15:43:46.697863,59.705
15:43:46.721620,59.705
15:43:46.735642,59.705
15:43:46.755399,59.705
15:43:46.771110,58.84
15:43:46.788315,58.84
15:43:46.802881,58.84
15:43:46.814409,58.84
15:43:46.833367,58.84
15:43:46.847395,58.84
15:43:46.863416,58.84
15:43:46.878562,58.84
15:43:46.896691,59.705
15:43:46.912231,59.705
15:43:46.925412,59.705
15:43:46.967651,59.705
15:43:47.072758,59.705
15:43:47.117304,59.705
15:43:47.129816,59.705
15:43:47.144821,59.705
15:43:47.160338,59.705
15:43:47.176225,59.705
15:43:47.193607,59.705
15:43:47.205926,59.705
15:43:47.221434,59.705
15:43:47.236984,59.705
15:43:47.259182,59.705
15:43:47.276077,59.705
15:43:47.301280,60.569
15:43:47.316337,60.569
15:43:47.332902,60.569
15:43:47.347928,60.569
15:43:47.363546,60.569
15:43:47.379013,60.569
15:43:47.394229,60.569
15:43:47.409730,60.569
15:43:47.424915,60.569
15:43:47.441490,59.705
15:43:47.455870,60.569
15:43:47.474858,59.705
15:43:47.488181,59.705
15:43:47.505256,58.84
15:43:47.517312,58.84
15:43:47.534405,58.84
15:43:47.548262,58.84
15:43:47.565206,58.84
15:43:47.579099,58.84
15:43:47.595597,58.84
15:43:47.611368,57.976
15:43:47.626770,57.976
15:43:47.640984,57.976
15:43:47.657995,57.976
15:43:47.672587,57.976
15:43:47.688751,57.112
15:43:47.704301,57.976
15:43:47.718852,57.976
15:43:47.736257,57.976
15:43:47.751150,58.84
15:43:47.764834,58.84
15:43:47.779165,58.84
15:43:47.793200,58.84
15:43:47.811817,58.84
15:43:47.827348,59.705
15:43:47.839281,58.84
15:43:47.857807,59.705
15:43:47.875531,59.705
15:43:47.886037,59.705
15:43:47.904252,59.705
15:43:47.920405,60.569
15:43:47.934849,59.705
15:43:47.950514,60.569
15:43:47.965956,60.569
15:43:47.981366,60.569
15:43:47.996477,60.569
15:43:48.008133,60.569
15:43:48.030066,59.705
15:43:48.043557,59.705
15:43:48.060387,59.705
15:43:48.074096,59.705
15:43:48.088994,59.705
15:43:48.105537,59.705
15:43:48.121566,59.705
15:43:48.137602,58.84
15:43:48.155234,58.84
15:43:48.168239,58.84
15:43:48.185188,57.976
15:43:48.198966,57.976
15:43:48.215201,57.976
15:43:48.235443,57.112
15:43:48.246256,57.112
15:43:48.263175,57.112
15:43:48.277949,57.112
15:43:48.293387,57.112
15:43:48.310505,57.112
15:43:48.323338,57.112
15:43:48.341201,57.112
15:43:48.364716,57.112
15:43:48.386181,57.112
15:43:48.399803,57.976
15:43:48.417157,57.976
15:43:48.435384,57.112
15:43:48.451336,57.112
15:43:48.466882,57.112
15:43:48.479248,57.112
15:43:48.496774,57.112
15:43:48.507801,57.112
15:43:48.526869,57.112
15:43:48.544302,57.976
15:43:48.560804,57.976
15:43:48.572969,57.976
15:43:48.587367,57.976
15:43:48.607229,57.976
15:43:48.620750,58.84
15:43:48.636295,58.84
15:43:48.649528,58.84
15:43:48.667689,58.84
15:43:48.684270,58.84
15:43:48.697894,58.84
15:43:48.714765,58.84
15:43:48.729811,58.84
15:43:48.747044,58.84
15:43:48.765168,57.976
15:43:48.777785,57.976
15:43:48.791885,57.976
15:43:48.809287,57.112
15:43:48.822069,57.976
15:43:48.838070,57.976
15:43:48.854020,57.112
15:43:48.870396,57.112
15:43:48.887072,57.112
15:43:48.913175,57.112
15:43:48.930324,57.976
15:43:48.952833,57.976
15:43:48.978366,57.112
15:43:48.992966,57.976
15:43:49.009027,57.112
15:43:49.022967,57.112
15:43:49.039189,57.976
15:43:49.054371,57.976
15:43:49.071386,57.976
15:43:49.086814,57.976
15:43:49.100737,57.976
15:43:49.116616,57.976
15:43:49.131779,58.84
15:43:49.146567,58.84
15:43:49.163145,57.976
15:43:49.179024,57.976
15:43:49.193064,57.976
15:43:49.208586,58.84
15:43:49.224851,57.976
15:43:49.239387,57.976
15:43:49.255471,57.976
15:43:49.270765,58.84
15:43:49.284677,57.976
15:43:49.300744,57.976
15:43:49.316937,57.976
15:43:49.333230,57.112
15:43:49.347498,57.976
15:43:49.362967,57.976
15:43:49.379596,57.112
15:43:49.393223,57.976
15:43:49.409006,57.112
15:43:49.424615,57.112
15:43:49.439407,57.112
15:43:49.492044,56.248
15:43:49.512002,56.248
15:43:49.541433,56.248
15:43:49.569003,56.248
15:43:49.583612,57.112
15:43:49.595827,57.112
15:43:49.611144,57.112
15:43:49.628738,57.112
15:43:49.642123,57.976
15:43:49.663504,58.84
15:43:49.691830,58.84
15:43:49.706194,59.705
15:43:49.722030,60.569
15:43:49.735239,59.705
15:43:49.754275,61.433
15:43:49.766120,61.433
15:43:49.798673,62.298
15:43:49.832295,61.433
15:43:49.868864,61.433
15:43:49.924825,60.569
15:43:49.945360,60.569
15:43:49.978166,60.569
15:43:50.001373,60.569
15:43:50.015339,60.569
15:43:50.033166,59.705
15:43:50.045774,59.705
15:43:50.062115,59.705
15:43:50.076499,59.705
15:43:50.089851,60.569
15:43:50.108379,59.705
15:43:50.122448,59.705
15:43:50.138446,59.705
15:43:50.150491,59.705
15:43:50.170053,58.84
15:43:50.186101,59.705
15:43:50.202282,59.705
15:43:50.219496,60.569
15:43:50.233486,60.569
15:43:50.248898,60.569
15:43:50.265908,60.569
15:43:50.282154,60.569
15:43:50.296172,60.569
15:43:50.313606,61.433
15:43:50.328094,61.433
15:43:50.345645,61.433
15:43:50.358775,61.433
15:43:50.374487,60.569
15:43:50.390301,60.569
15:43:50.407190,60.569
15:43:50.420855,59.705
15:43:50.435788,59.705
15:43:50.448375,59.705
15:43:50.463129,59.705
15:43:50.484137,59.705
15:43:50.501518,59.705
15:43:50.513725,58.84
15:43:50.526963,58.84
15:43:50.541962,58.84
15:43:50.554153,59.705
15:43:50.576497,58.84
15:43:50.586754,57.976
15:43:50.608094,57.976
15:43:50.622544,57.976
15:43:50.635082,57.976
15:43:50.649682,58.84
15:43:50.670322,58.84
15:43:50.685164,58.84
15:43:50.697135,58.84
15:43:50.713400,58.84
15:43:50.732316,58.84
15:43:50.749285,58.84
15:43:50.764800,58.84
15:43:50.780533,58.84
15:43:50.794541,58.84
15:43:50.811174,58.84
15:43:50.826720,58.84
15:43:50.841730,57.976
15:43:50.857574,57.976
15:43:50.873122,58.84
15:43:50.888344,57.976
15:43:50.903862,57.976
15:43:50.920805,58.84
15:43:50.934831,57.976
15:43:50.957294,58.84
15:43:50.969185,58.84
15:43:50.990284,58.84
15:43:51.011627,58.84
15:43:51.025317,58.84
15:43:51.041722,58.84
15:43:51.057578,58.84
15:43:51.072128,58.84
15:43:51.088530,58.84
15:43:51.103344,58.84
15:43:51.125209,57.976
15:43:51.162085,57.976
15:43:51.181425,57.976
15:43:51.195436,57.976
15:43:51.211074,58.84
15:43:51.226536,57.976
15:43:51.241954,57.976
15:43:51.257258,57.976
15:43:51.273433,57.976
15:43:51.288869,57.976
15:43:51.303752,57.976
15:43:51.320767,57.976
15:43:51.336806,57.976
15:43:51.351123,57.976
15:43:51.367605,57.976
15:43:51.384688,57.976
15:43:51.398736,57.112
15:43:51.413556,57.112
15:43:51.430346,57.112
15:43:51.447517,57.112
15:43:51.461027,57.976
15:43:51.476573,57.112
15:43:51.493579,57.976
15:43:51.507599,57.976
15:43:51.524168,57.976
15:43:51.538673,57.976
15:43:51.554202,57.976
15:43:51.571787,57.976
15:43:51.585696,57.976
15:43:51.604401,57.976
15:43:51.617391,58.84
15:43:51.632851,58.84
15:43:51.647630,58.84
15:43:51.666034,58.84
15:43:51.678610,58.84
15:43:51.694567,58.84
15:43:51.711078,58.84
15:43:51.725613,58.84
15:43:51.740933,58.84
15:43:51.757280,58.84
15:43:51.776977,58.84
15:43:51.791055,58.84
15:43:51.804132,58.84
15:43:51.820250,58.84
15:43:51.835450,57.976
15:43:51.851197,58.84
15:43:51.866852,57.976
15:43:51.882735,57.976
15:43:51.898213,58.84
15:43:51.913017,58.84
15:43:51.927683,57.976
15:43:51.944265,58.84
15:43:51.959775,57.976
15:43:51.974145,57.976
15:43:51.991611,57.976
15:43:52.005144,58.84
15:43:52.021913,57.976
15:43:52.036649,57.976
15:43:52.051929,57.976
15:43:52.067249,57.976
15:43:52.081717,57.976
15:43:52.098337,57.976
15:43:52.113897,57.976
15:43:52.128469,57.976
15:43:52.144901,57.976
15:43:52.158014,57.976
15:43:52.175712,57.976
15:43:52.190993,57.976
15:43:52.205475,57.976
15:43:52.222165,57.976
15:43:52.236367,57.976
15:43:52.251567,57.112
15:43:52.267923,57.976
15:43:52.282543,57.976
15:43:52.297547,57.976
15:43:52.315106,57.976
15:43:52.326746,57.976
15:43:52.340753,58.84
15:43:52.357604,58.84
15:43:52.377344,58.84
15:43:52.391698,58.84
15:43:52.407140,58.84
15:43:52.422777,58.84
15:43:52.438697,58.84
15:43:52.454071,58.84
15:43:52.485432,60.569
15:43:52.502659,59.705
15:43:52.550001,59.705
15:43:52.630216,59.705
15:43:52.687182,58.84
15:43:52.736976,58.84
15:43:52.754777,58.84
15:43:52.772784,58.84
15:43:52.795502,58.84
15:43:52.811238,58.84
15:43:52.827922,59.705
15:43:52.842801,58.84
15:43:52.858733,59.705
15:43:52.873947,58.84
15:43:52.894481,58.84
15:43:52.923711,58.84
15:43:52.936933,58.84
15:43:52.953745,58.84
15:43:52.968512,58.84
15:43:52.984193,57.976
15:43:53.000754,57.976
15:43:53.017164,57.976
15:43:53.028511,57.976
15:43:53.045684,57.976
15:43:53.060820,57.976
15:43:53.075363,57.976
15:43:53.087157,57.976
15:43:53.107587,57.112
15:43:53.122538,57.976
15:43:53.138489,56.248
15:43:53.154519,57.112
15:43:53.170334,57.112
15:43:53.184615,56.248
15:43:53.196296,57.112
15:43:53.212276,57.112
15:43:53.233571,56.248
15:43:53.253770,56.248
15:43:53.282630,56.248
15:43:53.295946,56.248
15:43:53.322194,56.248
15:43:53.352786,56.248
15:43:53.374815,56.248
15:43:53.388827,56.248
15:43:53.405253,56.248
15:43:53.421235,56.248
15:43:53.433756,56.248
15:43:53.450769,56.248
15:43:53.477353,57.112
15:43:53.497039,56.248
15:43:53.518646,57.112
15:43:53.537922,57.112
15:43:53.555780,57.976
15:43:53.574232,57.976
15:43:53.586422,57.976
15:43:53.603545,57.976
15:43:53.618842,57.976
15:43:53.633364,57.976
15:43:53.649814,58.84
15:43:53.664817,57.976
15:43:53.693000,58.84
15:43:53.715006,57.976
15:43:53.727051,57.976
15:43:53.746253,57.976
15:43:53.768904,57.112
15:43:53.781752,57.112
15:43:53.805614,57.112
15:43:53.821016,56.248
15:43:53.834130,57.112
15:43:53.851532,56.248
15:43:53.867231,57.112
15:43:53.879818,57.112
15:43:53.899105,56.248
15:43:53.914566,57.112
15:43:53.928919,57.112
15:43:53.944082,57.112
15:43:53.961847,57.112
15:43:53.975386,57.976
15:43:53.992919,57.976
15:43:54.007857,57.976
15:43:54.024680,57.976
15:43:54.038732,57.976
15:43:54.053277,57.976
15:43:54.064399,57.976
15:43:54.086584,57.976
15:43:54.100025,57.976
15:43:54.115423,57.976
15:43:54.130968,57.976
15:43:54.144543,57.976
15:43:54.162769,57.976
15:43:54.175750,57.976
15:43:54.193046,57.976
15:43:54.208023,57.976
15:43:54.232418,57.112
15:43:54.254697,57.976
15:43:54.270841,57.976
15:43:54.284391,57.976
15:43:54.300314,57.976
15:43:54.316355,57.976
15:43:54.331040,58.84
15:43:54.347029,57.112
15:43:54.362225,56.248
15:43:54.376732,57.112
15:43:54.387616,57.112
15:43:54.400690,56.248
15:43:54.422471,57.112
15:43:54.438619,57.112
15:43:54.453840,57.112
15:43:54.469792,57.112
15:43:54.484392,57.976
15:43:54.499715,57.976
15:43:54.516028,57.976
15:43:54.531396,57.976
15:43:54.546464,58.84
15:43:54.562905,57.976
15:43:54.578915,58.84
15:43:54.593376,58.84
15:43:54.609365,58.84
15:43:54.624597,58.84
15:43:54.723161,58.84
15:43:54.783572,59.705
15:43:54.876216,59.705
15:43:54.918072,59.705
15:43:54.935008,58.84
15:43:54.950907,59.705
15:43:54.967623,58.84
15:43:54.981703,58.84
15:43:54.998727,58.84
15:43:55.019416,59.705
15:43:55.058533,58.84
15:43:55.076214,58.84
15:43:55.098367,58.84
15:43:55.113894,58.84
15:43:55.138056,58.84
15:43:55.154189,59.705
15:43:55.170119,58.84
15:43:55.183459,58.84
15:43:55.200910,58.84
15:43:55.218082,58.84
15:43:55.234653,57.976
15:43:55.247155,58.84
15:43:55.264162,57.976
15:43:55.285826,57.976
15:43:55.307752,57.976
15:43:55.326165,57.112
15:43:55.337188,57.976
15:43:55.355596,57.976
15:43:55.373914,57.976
15:43:55.398770,58.84
15:43:55.413927,58.84
15:43:55.428688,58.84
15:43:55.444168,58.84
15:43:55.461105,58.84
15:43:55.475718,58.84
15:43:55.497960,58.84
15:43:55.518383,58.84
15:43:55.539570,58.84
15:43:55.553576,58.84
15:43:55.569285,59.705
15:43:55.585243,59.705
15:43:55.601870,59.705
15:43:55.618389,59.705
15:43:55.633896,59.705
15:43:55.648764,60.569
15:43:55.664407,60.569
15:43:55.680628,60.569
15:43:55.694504,59.705
15:43:55.712686,60.569
15:43:55.726221,60.569
15:43:55.742725,60.569
15:43:55.757311,60.569
15:43:55.772289,60.569
15:43:55.788289,60.569
15:43:55.804040,60.569
15:43:55.819563,60.569
15:43:55.831853,60.569
15:43:55.852268,60.569
15:43:55.866069,60.569
15:43:55.881645,60.569
15:43:55.899526,61.433
15:43:55.913953,61.433
15:43:55.929275,61.433
15:43:55.946530,62.298
15:43:55.962308,62.298
15:43:55.977099,62.298
15:43:55.993876,62.298
15:43:56.008640,62.298
15:43:56.023418,62.298
15:43:56.040720,62.298
15:43:56.072114,61.433
15:43:56.090195,61.433
15:43:56.115120,60.569
15:43:56.130787,60.569
15:43:56.148813,60.569
15:43:56.163016,59.705
15:43:56.177781,59.705
15:43:56.194676,59.705
15:43:56.211017,59.705
15:43:56.226731,59.705
15:43:56.240914,58.84
15:43:56.263788,59.705
15:43:56.275383,59.705
15:43:56.287453,59.705
15:43:56.303331,59.705
15:43:56.317922,59.705
15:43:56.335833,60.569
15:43:56.351131,60.569
15:43:56.366139,60.569
15:43:56.386244,60.569
15:43:56.407388,60.569
15:43:56.427651,61.433
15:43:56.442962,61.433
15:43:56.458186,61.433
15:43:56.473109,61.433
15:43:56.488885,61.433
15:43:56.504841,61.433
15:43:56.522432,61.433
15:43:56.538151,61.433
15:43:56.567818,61.433
15:43:56.597381,60.569
15:43:56.612142,60.569
15:43:56.627463,60.569
15:43:56.645507,60.569
15:43:56.661866,60.569
15:43:56.676404,60.569
15:43:56.692812,60.569
15:43:56.704714,60.569
15:43:56.720234,60.569
15:43:56.740282,59.705
15:43:56.753795,59.705
15:43:56.769842,59.705
15:43:56.786871,59.705
15:43:56.801434,58.84
15:43:56.816955,58.84
15:43:56.832398,59.705
15:43:56.848850,58.84
15:43:56.862778,59.705
15:43:56.878501,59.705
15:43:56.893068,59.705
15:43:56.906894,58.84
15:43:56.927151,59.705
15:43:56.940335,58.84
15:43:56.956043,59.705
15:43:56.971393,59.705
15:43:56.987425,58.84
15:43:57.001637,58.84
15:43:57.018037,59.705
15:43:57.033534,58.84
15:43:57.049933,59.705
15:43:57.064462,59.705
15:43:57.076402,58.84
15:43:57.095345,57.976
15:43:57.113348,57.976
15:43:57.126166,57.976
15:43:57.143483,57.976
15:43:57.157373,57.976
15:43:57.173609,57.976
15:43:57.187218,57.976
15:43:57.203842,57.976
15:43:57.218501,57.976
15:43:57.234393,58.84
15:43:57.250070,58.84
15:43:57.265735,58.84
15:43:57.280187,58.84
15:43:57.295489,57.976
15:43:57.312008,58.84
15:43:57.326077,57.976
15:43:57.339369,57.976
15:43:57.357542,57.976
15:43:57.374023,57.976
15:43:57.388212,57.112
15:43:57.405875,57.112
15:43:57.419875,57.112
15:43:57.435662,57.112
15:43:57.468545,57.112
15:43:57.484159,57.112
15:43:57.505222,57.112
15:43:57.525905,57.112
15:43:57.588631,57.112
15:43:57.664153,57.112
15:43:57.688905,57.976
15:43:57.721054,57.976
15:43:57.745511,57.976
15:43:57.761530,58.84
15:43:57.776881,58.84
15:43:57.793177,58.84
15:43:57.807205,58.84
15:43:57.822326,59.705
15:43:57.838355,59.705
15:43:57.853789,59.705
15:43:57.872029,59.705
15:43:57.885069,59.705
15:43:57.898359,59.705
15:43:57.917748,60.569
15:43:57.934778,60.569
15:43:57.948109,59.705
15:43:57.963864,60.569
15:43:57.979700,59.705
15:43:57.995773,58.84
15:43:58.009172,58.84
15:43:58.023553,58.84
15:43:58.041062,58.84
15:43:58.055324,57.976
15:43:58.072034,57.976
15:43:58.087622,57.976
15:43:58.102807,57.976
15:43:58.117589,57.112
15:43:58.132274,57.112
15:43:58.148942,57.112
15:43:58.163603,56.248
15:43:58.179898,56.248
15:43:58.194111,56.248
15:43:58.210469,57.112
15:43:58.225589,56.248
15:43:58.242139,57.112
15:43:58.255691,57.112
15:43:58.270557,57.112
15:43:58.286706,57.112
15:43:58.307600,57.112
15:43:58.336227,57.112
15:43:58.349283,57.112
15:43:58.365337,57.112
15:43:58.384422,57.112
15:43:58.397483,57.112
15:43:58.412812,57.976
15:43:58.427333,57.976
15:43:58.476287,58.84
15:43:58.497819,57.976
15:43:58.514828,57.976
15:43:58.536161,57.976
15:43:58.551515,57.976
15:43:58.565993,57.976
15:43:58.581137,57.112
15:43:58.596142,57.976
15:43:58.613696,56.248
15:43:58.627458,56.248
15:43:58.639457,55.383
15:43:58.653483,54.519
15:43:58.675375,53.655
15:43:58.689545,52.79
15:43:58.704556,50.198
15:43:58.721664,45.876
15:43:58.735216,43.283
15:43:58.752277,37.233
15:43:58.764746,34.641
15:43:58.782582,26.862
15:43:58.797621,20.812
15:43:58.814168,18.219
15:43:58.826197,15.626
15:43:58.840235,12.169
15:43:58.861060,8.712
15:43:58.877613,7.848
15:43:58.895457,6.119
15:43:58.908987,5.255
15:43:58.924541,3.526
15:43:58.940563,3.526
15:43:58.953064,3.526
15:43:58.966586,2.662
15:43:58.979573,2.662
15:43:59.002671,2.662
15:43:59.018762,2.662
15:43:59.034305,2.662
15:43:59.050266,1.798
15:43:59.066196,1.798
15:43:59.081270,1.798
15:43:59.098305,1.798
15:43:59.113842,0.933
15:43:59.129703,1.798
15:43:59.145709,0.933
15:43:59.160718,0.933
15:43:59.176290,0.933
15:43:59.191297,0.933
15:43:59.210681,0.933
15:43:59.225301,0.933
15:43:59.239313,0.933
15:43:59.254658,0.933
15:43:59.269874,0.069
15:43:59.284410,0.933
15:43:59.298940,0.069
15:43:59.316979,0.069
15:43:59.333553,0.933
15:43:59.349564,0.069
15:43:59.364625,0.069
15:43:59.380174,0.933
15:43:59.395730,0.069
15:43:59.412267,0.069
15:43:59.425811,0.069
15:43:59.441805,0.069
15:43:59.457912,0.933
15:43:59.474049,0.069
15:43:59.489064,0.069
15:43:59.504057,0.069
15:43:59.521246,0.069
15:43:59.535785,0.069
15:43:59.550931,0.069
15:43:59.566498,0.069
15:43:59.581530,0.069
15:43:59.596970,0.069
15:43:59.613229,0.069
15:43:59.628773,0.069
15:43:59.645793,0.069
15:43:59.656831,0.069
15:43:59.674684,0.069
15:43:59.690662,0.069
15:43:59.707383,0.069
15:43:59.722632,0.069
15:43:59.738655,0.933
15:43:59.754795,0.069
15:43:59.769234,0.069
15:43:59.784731,0.069
15:43:59.800138,0.069
15:43:59.816047,0.069
15:43:59.831245,0.933
15:43:59.846249,0.069
15:43:59.862974,0.069
15:43:59.878021,0.069
15:43:59.892652,0.069
15:43:59.909218,0.069
15:43:59.924735,0.069
15:43:59.939775,0.069
15:43:59.955045,0.069
15:43:59.971574,0.069
15:43:59.990132,0.069
15:44:00.002139,0.069
15:44:00.025643,0.069
15:44:00.048212,0.069
15:44:00.065805,0.069
15:44:00.080837,0.069
15:44:00.094839,0.069
15:44:00.110054,0.069
15:44:00.126562,0.069
15:44:00.142565,0.069
15:44:00.156071,0.069
15:44:00.172299,0.069
15:44:00.187429,0.069
15:44:00.203433,0.069
15:44:00.235501,0.069
15:44:00.290599,0.069
15:44:00.332515,0.069
15:44:00.371057,0.069
15:44:00.382845,0.933
15:44:00.401882,0.069
15:44:00.421637,0.069
15:44:00.439703,0.069
15:44:00.455403,0.069
15:44:00.469976,0.069
15:44:00.486170,0.069
15:44:00.502590,0.069
15:44:00.514511,0.069
15:44:00.526043,0.069
15:44:00.547281,0.069
15:44:00.564003,0.933
15:44:00.579689,0.0
15:44:00.595085,0.069
15:44:00.610565,0.0
15:44:00.627159,0.0
15:44:00.642162,0.069
15:44:00.657112,0.069
15:44:00.669091,0.069
15:44:00.684733,0.069
15:44:00.696740,0.069
15:44:00.710470,0.069
15:44:00.734292,0.069
15:44:00.749296,0.069
15:44:00.766316,0.069
15:44:00.781094,0.933
15:44:00.796103,0.933
15:44:00.812193,0.933
15:44:00.828375,0.933
15:44:00.840823,0.933
15:44:00.857524,0.933
15:44:00.873029,0.069
15:44:00.891128,0.069
15:44:00.905731,0.069
15:44:00.921574,0.069
